0,Acanthorutilus handlirschi,Cicek (minnow),0
1,Accipiter fasciatus natalis,Christmas Island goshawk,1
2,Accipiter francesii pusillus,Anjouan Island sparrowhawk,1
3,Accipiter gentilis laingi,Queen Charlotte goshawk,1
4,Accipiter striatus venator,Puerto Rican sharp-shinned hawk,1
5,Achatinella spp.,Oahu tree snails,2
6,Acinonyx jubatus,Cheetah,3
7,Acipenser brevirostrum,Shortnose sturgeon,0
8,Acipenser medirostris,green sturgeon,0
9,Acipenser mikadoi,Sakhalin sturgeon,0
10,Acipenser naccarii,Adriatic sturgeon,0
11,Acipenser oxyrinchus (=oxyrhynchus) desotoi,Atlantic sturgeon (Gulf subspecies),0
12,Acipenser oxyrinchus oxyrinchus,Atlantic sturgeon,0
13,Acipenser sinensis,Chinese sturgeon,0
14,Acipenser sturio,European sturgeon,0
15,Acipenser transmontanus,White sturgeon,0
16,Acrocephalus familiaris kingi,Nihoa millerbird (old world warbler),1
17,Acrocephalus luscinia,Nightingale reed warbler (old world warbler),1
18,Acrocephalus percernis aquilonis,Eiao Marquesas reed-Warbler,1
19,Acropora cervicornis,Staghorn coral,4
20,Acropora globiceps,No common name,4
21,Acropora jacquelinae,No common name,4
22,Acropora lokani,No common name,4
23,Acropora palmata,Elkhorn coral,4
24,Acropora pharaonis,No common name,4
25,Acropora retusa,No common name,4
26,Acropora rudis,No common name,4
27,Acropora speciosa,No common name,4
28,Acropora tenella,No common name,4
29,Addax nasomaculatus,Addax,3
30,Adelocosa anops,Kauai cave wolf or pe'e pe'e maka 'ole spider,5
31,Aepyceros melampus petersi,Black-faced impala,3
32,Aerodramus vanikorensis bartschi,Mariana gray swiftlet,1
33,Agelaius xanthomus,Yellow-shouldered blackbird,1
34,Agelastes meleagrides,White-breasted guineafowl,1
35,Ailuropoda melanoleuca,Giant panda,3
36,Aipysurus fuscus,Dusky sea snake,6
37,Akialoa stejnegeri,Kauai akialoa (honeycreeper),1
38,Alasmidonta atropurpurea,Cumberland elktoe,7
39,Alasmidonta heterodon,Dwarf wedgemussel,7
40,Alasmidonta raveneliana,Appalachian elktoe,7
41,Alauda razae,Raso lark,1
42,Alcelaphus buselaphus swaynei,Swayne's hartebeest,3
43,Alcelaphus buselaphus tora,Tora hartebeest,3
44,Alethe choloensis,Thyolo alethe,1
45,Alligator mississippiensis,American alligator,6
46,Alligator sinensis,Chinese alligator,6
47,Alouatta palliata,Mantled howler monkey,3
48,Alouatta pigra,Black howler monkey,3
49,Amazilia luciae,Honduran emerald hummingbird,1
50,Amazona arausiaca,Red-necked parrot,1
51,Amazona brasiliensis,Red-tailed parrot,1
52,Amazona collaria,Yellow-billed parrot,1
53,Amazona guildingii,St Vincent parrot,1
54,Amazona imperialis,Imperial parrot,1
55,Amazona leucocephala,Bahaman or Cuban parrot,1
56,Amazona pretrei pretrei,Red-spectacled parrot,1
57,Amazona rhodocorytha,Red-browed parrot,1
58,Amazona versicolor,St. Lucia parrot,1
59,Amazona vinacea,Vinaceous-breasted parrot,1
60,Amazona vittata,Puerto Rican parrot,1
61,Amblema neislerii,Fat threeridge (mussel),7
62,Amblyopsis rosae,Ozark cavefish,0
63,Ambrysus amargosus,Ash Meadows naucorid,8
64,Ambystoma bishopi,Reticulated flatwoods salamander,9
65,Ambystoma californiense,California tiger Salamander,9
66,Ambystoma cingulatum,Frosted Flatwoods salamander,9
67,Ambystoma macrodactylum croceum,Santa Cruz long-toed salamander,9
68,Ambystoma tigrinum stebbinsi,Sonora tiger Salamander,9
69,Ameiva polops,St. Croix ground lizard,6
70,Ammodorcas clarkei,Clark's gazelle,3
71,Ammodramus maritimus mirabilis,Cape Sable seaside sparrow,1
72,Ammodramus savannarum floridanus,Florida grasshopper sparrow,1
73,Amphispiza belli clementeae,San Clemente sage sparrow,1
74,Amytornis goyderi,Eyrean grasswren (flycatcher),1
75,Anacropora spinosa,No common name,4
76,Anaea troglodyta floridalis,Florida leafwing Butterfly,8
77,Anairetes alpinus,Ash-breasted tit-tyrant,1
78,Anas aucklandica nesiotis,Campbell Island flightless teal,1
79,Anas laysanensis,Laysan duck,1
80,Anas wyvilliana,Hawaiian (=koloa) Duck,1
81,Anaxyrus californicus,Arroyo (=arroyo southwestern) toad,9
82,Anaxyrus canorus,Yosemite toad,9
83,Andrias davidianus (=davidianus d.),Chinese giant salamander,9
84,Andrias japonicus (=davidianus j.),Japanese giant salamander,9
85,Anguispira picta,Painted snake coiled forest snail,2
86,Anodorhynchus glaucus,Glaucous macaw,1
87,Anodorhynchus leari,Indigo macaw,1
88,Anolis roosevelti,Culebra Island giant anole,6
89,Anoxypristis cuspidata,Narrow sawfish,0
90,Antechinomys laniger,Eastern jerboa marsupial,3
91,Antechinus apicalis,Dibbler,3
92,Antilocapra americana peninsularis,Peninsular pronghorn,3
93,Antilocapra americana sonoriensis,Sonoran pronghorn,3
94,Antrobia culveri,Tumbling Creek cavesnail,2
95,Antrolana lira,Madison Cave isopod,10
96,Aonyx congicus (=congica) microdon,Cameroon clawless otter,3
97,Aphelocoma coerulescens,Florida scrub-jay,1
98,Aplodontia rufa nigra,Point Arena mountain beaver,3
99,Aplonis pelzelni,Ponape mountain starling,1
100,Apodemia mormo langei,Lange's metalmark butterfly,8
101,Aproteles bulmerae,Bulmer's fruit bat (=flying fox),3
102,Aquila heliaca adalberti,Spanish imperial eagle,1
103,Ara ambiguus,Great green macaw,1
104,Ara glaucogularis,Blue-throated macaw,1
105,Ara militaris,Military macaw,1
106,Aratinga guarouba,Golden parakeet,1
107,Arcanator orostruthus,Dappled mountain robin,1
108,Arctocephalus townsendi,Guadalupe fur seal,3
109,Ardeotis (=Choriotis) nigriceps,Great Indian bustard,1
110,Arkansia wheeleri,Ouachita rock pocketbook,7
111,Assiminea pecos,Pecos assiminea snail,2
112,Ateles geoffroyi frontatus,Spider monkey,3
113,Ateles geoffroyl panamensis,Spider monkey,3
114,Atelopus varius zeteki,Panamanian golden frog,9
115,Athearnia anthonyi,Anthony's riversnail,2
116,Atrichornis clamosus,Noisy scrub-bird,1
117,Avahi laniger (entire genus),Avahi,3
118,Axis porcinus annamiticus,Indochina hog deer,3
119,Axis porcinus calamianensis,Calamianes (=Philippine) deer,3
120,Axis porcinus kuhli,Kuhl's (=Bawean) deer,3
121,Aythya innotata,Madagascar pochard,1
122,Babyrousa babyrussa,Babirusa,3
123,Balaena mysticetus,Bowhead whale,3
124,Balaenoptera borealis,Sei whale,3
125,Balaenoptera musculus,Blue whale,3
126,Balaenoptera physalus,Finback whale,3
127,Batagur baska,River terrapin,6
128,Batrachoseps aridus,Desert slender salamander,9
129,Batrisodes texanus,Coffin Cave mold beetle,8
130,Batrisodes venyivi,Helotes mold beetle,8
131,Bebrornis rodericanus,Rodrigues warbler (old world warbler),1
132,Bebrornis sechellensis,Seychelles warbler (old world warbler),1
133,Bettongia gaimardi,Gaimard's rat-kangaroo,3
134,Bettongia lesueur,Lesueur's rat-kangaroo,3
135,Bettongia penicillata,Brush-tailed rat-kangaroo,3
136,Bettongia tropica,Queensland rat-kangaroo,3
137,Bison bison athabascae,Wood Bison,3
138,Blastocerus dichotomus,Marsh deer,3
139,Boloria acrocnema,Uncompahgre fritillary butterfly,8
140,Bolyeria multocarinata,Round Island bolyeria boa,6
141,Bombus affinis,Rusty patched bumble bee,8
142,Bos gaurus,Seledang,3
143,Bos javanicus,Banteng,3
144,Bos mutus (=grunniens m.),Wild yak,3
145,Bos sauveli,Kouprey,3
146,Brachylagus idahoensis,Columbia Basin Pygmy Rabbit,3
147,Brachylophus fasciatus,Fiji banded iguana,6
148,Brachylophus vitiensis,Fiji crested iguana,6
149,Brachyramphus marmoratus,Marbled murrelet,1
150,Brachyteles arachnoides,Woolly spider monkey,3
151,Bradypus torquatus,Brazilian three-toed sloth,3
152,Branchinecta conservatio,Conservancy fairy shrimp,10
153,Branchinecta longiantenna,Longhorn fairy shrimp,10
154,Branchinecta lynchi,Vernal pool fairy shrimp,10
155,Branchinecta sandiegonensis,San Diego fairy shrimp,10
156,Branta (=Nesochen) sandvicensis,Hawaiian goose,1
157,Brychius hungerfordi,Hungerford's crawling water Beetle,8
158,Bubalus depressicornis,Lowland anoa,3
159,Bubalus mindorensis,Tamaraw,3
160,Bubalus quarlesi,Mountain anoa,3
161,Buceros (=Rhinoplax) vigil,Helmeted hornbill,1
162,Bufo hemiophrys baxteri,Wyoming Toad,9
163,Bufo houstonensis,Houston toad,9
164,Bufo periglenes,Monte Verde golden toad,9
165,Bufo superciliaris,Cameroon toad,9
166,Burramys parvus,Mountain pygmy possum,3
167,Buteo galapagoensis,Galapagos hawk,1
168,Buteo platypterus brunnescens,Puerto Rican broad-winged hawk,1
169,Buteo solitarius,Hawaiian (='lo) Hawk,1
170,Cacajao spp.,Uakari (all species),3
171,Cacatua alba,White cockatoo,1
172,Cacatua haematuropygia,Philippine cockatoo,1
173,Cacatua moluccensis,Salmon-crested cockatoo,1
174,Cacatua sulphurea,Yellow-crested cockatoo,1
175,Caiman crocodilus apaporiensis,Apaporis River caiman,6
176,Caiman crocodilus crocodilus,Common caiman,6
177,Caiman crocodilus fuscus (includes Caiman crocodilus chiapasius),Brown Caiman,6
178,Caiman latirostris,Broad-snouted caiman,6
179,Caiman yacare,Yacare Caiman,6
180,Cairina scutulata,White-winged wood duck,1
181,Calidris canutus rufa,Red knot,1
182,Callaeas cinerea,Kokako (wattlebird),1
183,Callimico goeldii,Goeldi's marmoset,3
184,Callithrix aurita (=jacchus a.),White-eared (=buffy tufted-ear) marmoset,3
185,Callithrix flaviceps,Buff-headed marmoset,3
186,Callophrys mossii bayensis,San Bruno elfin butterfly,8
187,Caloprymnus campestris,Desert (=plain) rat-kangaroo,3
188,Camarhynchus pauper,Floreana tree-Finch,1
189,Cambarus aculabrum,Cave crayfish,10
190,Cambarus callainus,Big Sandy crayfish,10
191,Cambarus veteranus,Guyandotte River crayfish,10
192,Cambarus zophonastes,Cave crayfish,10
193,Camelus bactrianus,Bactrian camel,3
194,Campeloma decampi,Slender campeloma,2
195,Campephilus imperialis,Imperial woodpecker,1
196,Campephilus principalis,Ivory-billed woodpecker,1
197,Canis lupus,Gray wolf,3
198,Canis lupus baileyi,Mexican wolf,3
199,Canis rufus,Red wolf,3
200,Canis simensis,Simien fox,3
201,Cantharellus noumeae,No common name,4
202,Capra falconeri (=aegragrus) chiltanensis,Chiltan (=wild goat) markhor,3
203,Capra falconeri megaceros,Straight-horned markhor,3
204,Capra pyrenaica pyrenaica,Pyrenean ibex,3
205,Capra walie,Walia ibex,3
206,Caprimulgus noctitherus,Puerto Rican nightjar,1
207,Caprolagus hispidus,Hispid hare,3
208,Capromys angelcabrerai,Cabrera's hutia,3
209,Capromys auritus,Large-eared hutia,3
210,Capromys nana,Dwarf hutia,3
211,Capromys sanfelipensis,Little earth hutia,3
212,Carduelis cucullata,Red siskin,1
213,Caretta caretta,Loggerhead sea turtle,6
214,Casarea dussumieri,Round Island casarea boa,6
215,Castor fiber birulai,Beaver (Mongolian),3
216,Catopuma (=Felis) temminckii,Asian golden (=Temmnick's) cat,3
217,Catostomus discobolus yarrowi,Zuni bluehead Sucker,0
218,Catostomus santaanae,Santa Ana sucker,0
219,Catostomus warnerensis,Warner sucker,0
220,Catreus wallichii,Cheer pheasant,1
221,Centrocercus minimus,Gunnison sage-grouse,1
222,Cephalophus jentinki,Jentink's duiker,3
223,Cephalorhynchus hectori hectori,South Island Hector's dolphin,3
224,Cephalorhynchus hectori maui,Maui dolphin,3
225,Ceratotherium simum cottoni,Northern white rhinoceros,3
226,Ceratotherium simum ssp. simum,Southern white rhinoceros,3
227,Cercocebus galeritus galeritus,Tana River mangabey,3
228,Cercocebus torquatus,White-collared mangabey,3
229,Cercopithecus diana,Diana monkey,3
230,Cercopithecus erythrogaster,Red-bellied monkey,3
231,Cercopithecus erythrotis,Red-eared nose-spotted monkey,3
232,Cercopithecus lhoesti,L'hoest's monkey,3
233,Cervus alfredi,Visayan deer,3
234,Cervus duvauceli,Swamp deer,3
235,Cervus elaphus bactrianus,Bactrian deer,3
236,Cervus elaphus barbarus,Barbary stag,3
237,Cervus elaphus corsicanus,Corsican red deer,3
238,Cervus elaphus hanglu,Kashmir stag,3
239,Cervus elaphus macneilii,McNeill's deer,3
240,Cervus elaphus wallichi,Shou,3
241,Cervus elaphus yarkandensis,Yarkand deer,3
242,Cervus eldi,Eld's brow-antlered Deer,3
243,Cervus nippon grassianus,Shansi sika deer,3
244,Cervus nippon keramae,Ryukyu sika deer,3
245,Cervus nippon kopschi,South China sika deer,3
246,Cervus nippon mandarinus,North China sika deer,3
247,Cervus nippon taiouanus,Formosan sika deer,3
248,Chaeropus ecaudatus,Pig-footed bandicoot,3
249,Chaetocercus berlepschi,Esmeraldas woodstar,1
250,Chaetomys subspinosus,Thin-spined porcupine,3
251,Charadrius alexandrinus nivosus,Western snowy plover,1
252,Charadrius melodus,Piping Plover,1
253,Chasiempis ibidis,Oahu elepaio,1
254,Chasmistes brevirostris,Shortnose Sucker,0
255,Chasmistes cujus,Cui-ui,0
256,Chasmistes liorus,June sucker,0
257,Chelonia mydas,Green sea turtle,6
258,Chinchilla brevicaudata boliviana,Chinchilla,3
259,Chiropotes albinasus,White-nosed saki,3
260,Chiropotes satanas satanas,Southern bearded saki,3
261,Chlamyphorus truncatus,Pink fairy armadillo,3
262,Chondrohierax uncinatus mirus,Grenada hook-billed kite,1
263,Chondrohierax uncinatus wilsonii,Cuba hook-billed kite,1
264,Chrosomus saylori,Laurel dace,0
265,Chrysocyon brachyurus,Maned wolf,3
266,Cichlherminia iherminieri santaeluciae,St. Lucia Forest thrush,1
267,Cicindela dorsalis dorsalis,Northeastern beach tiger beetle,8
268,Cicindela nevadica lincolniana,Salt Creek Tiger beetle,8
269,Cicindela ohlone,Ohlone tiger beetle,8
270,Cicindela puritana,Puritan tiger beetle,8
271,Cicindelidia floridana,Miami tiger beetle,8
272,Ciconia boyciana (=ciconia b.),Oriental white stork,1
273,Cicurina baronia,Robber Baron Cave Meshweaver,5
274,Cicurina madla,Madla's Cave Meshweaver,5
275,Cicurina venii,Braken Bat Cave Meshweaver,5
276,Cicurina vespera,Government Canyon Bat Cave Meshweaver,5
277,Cinclocerthia ruficauda gutturalis,Martinique trembler (thrasher),1
278,Cinclodes aricomae,Royal cinclodes,1
279,Clemmys muhlenbergii,bog turtle,6
280,Cnemidophorus vanzoi,Maria Island ground lizard,6
281,Coccyzus americanus,Yellow-billed Cuckoo,1
282,Colinus virginianus ridgwayi,Masked bobwhite (quail),1
283,Colobus satanas,Black colobus monkey,3
284,Columba inornata wetmorei,Puerto Rican plain Pigeon,1
285,Columba junoniae,White-tailed laurel Pigeon,1
286,Columba mayeri,Pink pigeon,1
287,Columba palumbus azorica,Azores wood pigeon,1
288,Conolophus pallidus,Barrington land iguana,6
289,Conraua goliath,Goliath Frog,9
290,Copsychus niger cebuensis,Cebu black shama (thrush),1
291,Copsychus sechellarum,Seychelles magpie-robin (thrush),1
292,Coquus newtoni,Reunion cuckoo-shrike,1
293,Coquus typicus,Mauritius cuckoo-shrike,1
294,Coracopsis nigra barklyi,Seychelles lesser vasa parrot,1
295,Coreobagrus ichikawai,Nekogigi (catfish),0
296,Corvus hawaiiensis,Hawaiian (='alala) Crow,1
297,Corvus kubaryi,Mariana (=aga) Crow,1
298,Corvus leucognaphalus,White-necked crow,1
299,Corynorhinus (=Plecotus) townsendii ingens,Ozark big-eared bat,3
300,Corynorhinus (=Plecotus) townsendii virginianus,Virginia big-eared bat,3
301,Cotinga maculata,Banded cotinga,1
302,Cottus paulus (=pygmaeus),Pygmy Sculpin,0
303,Cottus specus,Grotto Sculpin,0
304,Craseonycteris thonglongyai,Bumblebee bat,3
305,Crax alberti,Blue-billed curassow,1
306,Crax blumenbachii,Red-billed curassow,1
307,Crenichthys baileyi baileyi,White River springfish,0
308,Crenichthys baileyi grandis,Hiko White River springfish,0
309,Crenichthys nevadae,Railroad Valley springfish,0
310,Crocodylus acutus,American crocodile,6
311,Crocodylus cataphractus,African slender-snouted crocodile,6
312,Crocodylus intermedius,Orinoco crocodile,6
313,Crocodylus niloticus,Nile crocodile,6
314,Crocodylus novaeguineae mindorensis,Philippine crocodile,6
315,Crocodylus palustris kimbula,Ceylon mugger crocodile,6
316,Crocodylus palustris palustris,Mugger crocodile,6
317,Crocodylus porosus,Saltwater crocodile,6
318,Crocodylus rhombifer,Cuban crocodile,6
319,Crocodylus siamensis,Siamese crocodile,6
320,Crossoptilon crossoptilon,White eared pheasant,1
321,Crossoptilon mantchuricum,Brown eared pheasant,1
322,Crotalus unicolor,Aruba Island rattlesnake,6
323,Crotalus willardi obscurus,New Mexican ridge-nosed rattlesnake,6
324,Cryptobranchus alleganiensis bishopi,Ozark Hellbender,9
325,Crystallaria cincotta,diamond Darter,0
326,Cumberlandia monodonta,Spectaclecase (mussel),7
327,Cuon alpinus,Dhole,3
328,Cyanopsitta spixii,Little blue macaw,1
329,Cyanoramphus auriceps forbesi,Forbes' parakeet,1
330,Cyanoramphus cookii (=novaezelandiae c.),Norfolk Island parakeet,1
331,Cyclargus (=Hemiargus) thomasi bethunebakeri,Miami Blue Butterfly,8
332,Cyclargus ammon,Nickerbean Blue Butterfly,8
333,Cyclura carinata bartschi,Mayaguana iguana,6
334,Cyclura carinata carinata,Turks and Caicos iguana,6
335,Cyclura collei,Jamaican iguana,6
336,Cyclura cychlura cychlura,Andros Island ground iguana,6
337,Cyclura cychlura figginsi,Exuma Island iguana,6
338,Cyclura cychlura inornata,Allen's Cay iguana,6
339,Cyclura lewisi,Grand Cayman ground iguana,6
340,Cyclura nubila caymanensis,Cayman Brac ground iguana,6
341,Cyclura nubila nubila,Cuban ground iguana,6
342,Cyclura pinguis,Anegada ground iguana,6
343,Cyclura rileyi cristata,White Cay ground iguana,6
344,Cyclura rileyi nuchalis,Acklins ground iguana,6
345,Cyclura rileyi rileyi,Watling Island ground iguana,6
346,Cyclura stejnegeri,Mona ground Iguana,6
347,Cynomys mexicanus,Mexican prairie dog,3
348,Cynomys parvidens,Utah prairie dog,3
349,Cynoscion macdonaldi,Totoaba (seatrout or weakfish),0
350,Cyprinella caerulea,Blue shiner,0
351,Cyprinella formosa,Beautiful shiner,0
352,Cyprinodon bovinus,Leon Springs pupfish,0
353,Cyprinodon diabolis,Devils Hole pupfish,0
354,Cyprinodon elegans,Comanche Springs pupfish,0
355,Cyprinodon macularius,Desert pupfish,0
356,Cyprinodon nevadensis mionectes,Ash Meadows Amargosa pupfish,0
357,Cyprinodon nevadensis pectoralis,Warm Springs pupfish,0
358,Cyprinodon radiosus,Owens pupfish,0
359,Cyprogenia stegaria,Fanshell,7
360,Cyrtodactylus serpensinsula,Serpent Island gecko,6
361,Cyrtonaias tampicoensis tecomatensis,Tampico pearlymussel,7
362,Cyrtonyx montezumae merriami,Merriam's Montezuma quail,1
363,Dama mesopotamica (=dama m.),Persian fallow deer,3
364,Damaliscus pygarus (=dorcas) dorcas,Bontebok,3
365,Dasyornis broadbenti littoralis,Western rufous bristlebird,1
366,Dasyornis longirostris (=brachypterus I.),Western bristlebird,1
367,Dasyurus viverrinus,Eastern native-cat,3
368,Daubentonia madagascariensis,Aye-aye,3
369,Delphinapterus leucas,beluga whale,3
370,Deltistes luxatus,Lost River sucker,0
371,Dendrogyra cylindrus,Pillar Coral,4
372,Dendroica chrysoparia,Golden-cheeked warbler (=wood),1
373,Dendroica petechia petechia,Barbados yellow warbler (=wood),1
374,Dermatemys mawii,Central American river turtle,6
375,Dermochelys coriacea,Leatherback sea turtle,6
376,Desmocerus californicus dimorphus,Valley elderberry longhorn beetle,8
377,Dicerorhinus sumatrensis,Sumatran rhinoceros,3
378,Diceros bicornis,Black rhinoceros,3
379,Dinacoma caseyi,Casey's June Beetle,8
380,Diomedia amsterdamensis,Amsterdam Albatross,1
381,Dionda diaboli,Devils River minnow,0
382,Dipodomys heermanni morroensis,Morro Bay kangaroo rat,3
383,Dipodomys ingens,Giant kangaroo rat,3
384,Dipodomys merriami parvus,San Bernardino Merriam's kangaroo rat,3
385,Dipodomys nitratoides exilis,Fresno kangaroo rat,3
386,Dipodomys nitratoides nitratoides,Tipton kangaroo rat,3
387,Dipodomys stephensi (incl. D. cascus),Stephens' kangaroo rat,3
388,Discoglossus nigriventer,Israel painted frog,9
389,Discus macclintocki,Iowa Pleistocene snail,2
390,Drepanis coccinea,`I`iwi,1
391,Drepanoptila holosericea,Cloven-feathered dove,1
392,Dromus dromas,Dromedary pearlymussel,7
393,Drosophila aglaia,Hawaiian picture-wing fly,8
394,Drosophila differens,Hawaiian picture-wing fly,8
395,Drosophila digressa,Hawaiian picture-wing fly,8
396,Drosophila hemipeza,Hawaiian picture-wing fly,8
397,Drosophila heteroneura,Hawaiian picture-wing fly,8
398,Drosophila montgomeryi,Hawaiian picture-wing fly,8
399,Drosophila mulli,Hawaiian picture-wing fly,8
400,Drosophila musaphilia,Hawaiian picture-wing fly,8
401,Drosophila neoclavisetae,Hawaiian picture-wing fly,8
402,Drosophila obatai,Hawaiian picture-wing fly,8
403,Drosophila ochrobasis,Hawaiian picture-wing fly,8
404,Drosophila sharpi,Hawaiian picture-wing fly,8
405,Drosophila substenoptera,Hawaiian picture-wing fly,8
406,Drosophila tarphytrichia,Hawaiian picture-wing fly,8
407,Drymarchon corais couperi,Eastern indigo snake,6
408,Dryocopus javensis richardsi,Tristam's woodpecker,1
409,Ducula galeata,Marquesas pigeon,1
410,Ducula mindorensis,Mindoro imperial (=zone-tailed) pigeon,1
411,Dugong dugon,Dugong,3
412,Egretta eulophotes,Chinese egret,1
413,Elaphrus viridis,Delta green ground beetle,8
414,Elassoma alabamae,Spring pygmy sunfish,0
415,Elephas maximus,Asian elephant,3
416,Eleutherodactylus cooki,Guajon,9
417,Eleutherodactylus jasperi,Golden coqui,9
418,Eleutherodactylus juanariveroi,Llanero Coqui,9
419,Elimia crenatella,Lacy elimia (snail),2
420,Elliptio chipolaensis,Chipola slabshell,7
421,Elliptio lanceolata,Yellow lance,7
422,Elliptio spinosa,Altamaha Spinymussel,7
423,Elliptio steinstansana,Tar River spinymussel,7
424,Elliptoideus sloatianus,Purple bankclimber (mussel),7
425,Emballonura semicaudata rotensis,Pacific sheath-tailed Bat,3
426,Emballonura semicaudata semicaudata,Pacific sheath-tailed Bat,3
427,Emoia slevini,Slevin's skink,6
428,Empetrichthys latos,Pahrump poolfish,0
429,Empidonax euleri johnstonei,Euler's flycatcher,1
430,Empidonax traillii extimus,Southwestern willow flycatcher,1
431,Enhydra lutris kenyoni,Northern Sea Otter,3
432,Enhydra lutris nereis,Southern sea otter,3
433,Epicrates inornatus,Puerto Rican boa,6
434,Epicrates monensis granti,Virgin Islands tree boa,6
435,Epicrates monensis monensis,Mona boa,6
436,Epicrates subflavus,Jamaican boa,6
437,Epinephelus striatus,Nassau grouper,0
438,Epioblasma brevidens,Cumberlandian combshell,7
439,Epioblasma capsaeformis,Oyster mussel,7
440,Epioblasma florentina curtisii,Curtis pearlymussel,7
441,Epioblasma florentina florentina,Yellow blossom (pearlymussel),7
442,Epioblasma florentina walkeri (=E. walkeri),Tan riffleshell,7
443,Epioblasma metastriata,Upland combshell,7
444,Epioblasma obliquata obliquata,Purple Cat's paw (=Purple Cat's paw pearlymussel),7
445,Epioblasma obliquata perobliqua,White catspaw (pearlymussel),7
446,Epioblasma othcaloogensis,Southern acornshell,7
447,Epioblasma penita,Southern combshell,7
448,Epioblasma torulosa gubernaculum,Green blossom (pearlymussel),7
449,Epioblasma torulosa rangiana,Northern riffleshell,7
450,Epioblasma torulosa torulosa,Tubercled blossom (pearlymussel),7
451,Epioblasma triquetra,Snuffbox mussel,7
452,Epioblasma turgidula,Turgid blossom (pearlymussel),7
453,Equus africanus,African wild ass,3
454,Equus grevyi,Grevy's zebra,3
455,Equus hemionus,Asian wild ass,3
456,Equus przewalskii,Przewalski's horse,3
457,Equus zebra hartmannae,Hartmann's mountain zebra,3
458,Equus zebra ssp. zebra,Cape Mountain zebra,3
459,Equus zebra zebra,Mountain zebra,3
460,Eremichthys acros,Desert dace,0
461,Eremophila alpestris strigata,Streaked Horned lark,1
462,Eretmochelys imbricata,Hawksbill sea turtle,6
463,Erignathus barbatus nauticus,bearded Seal,3
464,Erimonax monachus,Spotfin Chub,0
465,Erimystax cahni,Slender chub,0
466,Erinna newcombi,Newcomb's snail,2
467,Eriocnemis nigrivestis,black-breasted puffleg,1
468,Eschrichtius robustus,Gray whale,3
469,Etheostoma akatulo,bluemask darter,0
470,Etheostoma boschungi,Slackwater darter,0
471,Etheostoma chermocki,Vermilion darter,0
472,Etheostoma chienense,Relict darter,0
473,Etheostoma etowahae,Etowah darter,0
474,Etheostoma fonticola,Fountain darter,0
475,Etheostoma moorei,Yellowcheek Darter,0
476,Etheostoma nianguae,Niangua darter,0
477,Etheostoma nuchale,Watercress darter,0
478,Etheostoma okaloosae,Okaloosa darter,0
479,Etheostoma percnurum,Duskytail darter,0
480,Etheostoma phytophilum,Rush Darter,0
481,Etheostoma rubrum,Bayou darter,0
482,Etheostoma scotti,Cherokee darter,0
483,Etheostoma sellare,Maryland darter,0
484,Etheostoma spilotum,Kentucky arrow darter,0
485,Etheostoma susanae,Cumberland darter,0
486,Etheostoma wapiti,Boulder darter,0
487,Eua zebrina,Snail [no common name],2
488,Eubalaena australis,Southern Right Whale,3
489,Eubalaena glacialis,North Atlantic Right Whale,3
490,Eubalaena japonica,North Pacific Right Whale,3
491,Eucyclogobius newberryi,Tidewater goby,0
492,Eudyptes chrysocome,southern rockhopper penguin,1
493,Eudyptes pachyrhynchus,fiordland crested penguin,1
494,Eudyptes sclateri,erect-crested penguin,1
495,Eudyptula albosignata,white-flippered penguin,1
496,Eulidia yarrellii,Chilean woodstar,1
497,Eumeces egregius lividus,Bluetail mole skink,6
498,Eumetopias jubatus,Steller sea lion,3
499,Eumops floridanus,Florida bonneted bat,3
500,Euphilotes battoides allyni,El Segundo blue butterfly,8
501,Euphilotes enoptes smithi,Smith's blue butterfly,8
502,Euphydryas editha bayensis,Bay checkerspot butterfly,8
503,Euphydryas editha quino (=E. e. wrighti),Quino checkerspot butterfly,8
504,Euphydryas editha taylori,Taylor's (=whulge) Checkerspot,8
505,Euphyllia paradivisa,No common name,4
506,Euproserpinus euterpe,Kern primrose sphinx moth,8
507,Eurycea chisholmensis,Salado Salamander,9
508,Eurycea nana,San Marcos salamander,9
509,Eurycea naufragia,Georgetown Salamander,9
510,Eurycea sosorum,Barton Springs salamander,9
511,Eurycea tonkawae,Jollyville Plateau Salamander,9
512,Eurycea waterlooensis,Austin blind Salamander,9
513,Eutrichomyias rowleyi,Caerulean Paradise flycatcher,1
514,Eutriorchis astur,Madagascar serpent eagle,1
515,Falco araea,Seychelles kestrel,1
516,Falco femoralis septentrionalis,Northern Aplomado Falcon,1
517,Falco peregrinus peregrinus,Eurasian peregrine falcon,1
518,Falco punctatus,Mauritius kestrel,1
519,Felis jacobita,Andean cat,3
520,Felis margarita scheffeli,Pakistan sand cat,3
521,Felis nigripes,Black-footed cat,3
522,Felis pardina,Spanish lynx,3
523,Formicivora erythronotos,Black hooded (black-headed) antwren,1
524,Foudia flavicans,Rodrigues fody,1
525,Foudia rubra,Mauritius fody,1
526,Foudia sechellarum,Seychelles fody (weaver-finch),1
527,Francolinus ochropectus,Djibouti francolin,1
528,Fregata andrewsi,Andrew's frigatebird,1
529,Fulica americana alai,Hawaiian coot,1
530,Fusconaia burkei,Tapered pigtoe,7
531,Fusconaia cor,Shiny pigtoe,7
532,Fusconaia cuneolus,Finerayed pigtoe,7
533,Fusconaia escambia,Narrow pigtoe,7
534,Fusconaia rotulata,Round Ebonyshell,7
535,Gallicolumba stairi,Friendly Ground-Dove,1
536,Gallinula chloropus guami,Mariana common moorhen,1
537,Gallinula galeata sandvicensis,Hawaiian common gallinule,1
538,Gallirallus (=Tricholimnas) sylvestris,Lord Howe wood rail,1
539,Gallotia simonyi simonyi,Hierro giant lizard,6
540,Gambelia silus,Blunt-nosed leopard lizard,6
541,Gambusia gaigei,Big Bend gambusia,0
542,Gambusia georgei,San Marcos gambusia,0
543,Gambusia heterochir,Clear Creek gambusia,0
544,Gambusia nobilis,Pecos gambusia,0
545,Gammarus acherondytes,Illinois cave amphipod,10
546,Gammarus desperatus,Noel's Amphipod,10
547,Gammarus hyalleloides,Diminutive Amphipod,10
548,Gammarus pecos,Pecos amphipod,10
549,Gasterosteus aculeatus williamsoni,Unarmored threespine stickleback,0
550,Gavialis gangeticus,Gavial,6
551,Gazella cuvieri,Mountain (=Cuvier's) gazelle,3
552,Gazella dama,Dama gazelle,3
553,Gazella dama lozanoi,Rio de Oro Dama gazelle,3
554,Gazella dama mhorr,Mhorr gazelle,3
555,Gazella dorcas massaesyla,Moroccan gazelle,3
556,Gazella dorcas pelzelni,Pelzeln's gazelle,3
557,Gazella dorcas saudiya,Saudi Arabian gazelle,3
558,Gazella gazella,Arabian gazelle,3
559,Gazella leptoceros,Slender-horned gazelle,3
560,Gazella subgutturosa marica,Sand gazelle,3
561,Geochelone nigra (=elephantopus),Galapagos tortoise,6
562,Geochelone radiata,Madagascar radiated tortoise,6
563,Geochelone yniphora,Angulated tortoise,6
564,Geoclemys hamiltonii,Spotted pond turtle,6
565,Geopsittacus occidentalis,Night (=Australian) parrot,1
566,Geronticus eremita,Northern bald ibis,1
567,Gila bicolor ssp.,Hutton tui chub,0
568,Gila bicolor ssp. mohavensis,Mohave tui chub,0
569,Gila bicolor ssp. snyderi,Owens Tui Chub,0
570,Gila boraxobius,Borax Lake chub,0
571,Gila cypha,Humpback chub,0
572,Gila ditaenia,Sonora chub,0
573,Gila elegans,Bonytail chub,0
574,Gila intermedia,Gila chub,0
575,Gila nigrescens,Chihuahua chub,0
576,Gila purpurea,Yaqui chub,0
577,Gila robusta jordani,Pahranagat roundtail chub,0
578,Gila seminuda (=robusta),Virgin River Chub,0
579,Glaucomys sabrinus coloratus,Carolina northern flying squirrel,3
580,Glaucopsyche lygdamus palosverdesensis,Palos Verdes blue butterfly,8
581,Gopherus agassizii,Desert tortoise,6
582,Gopherus flavomarginatus,Bolson tortoise,6
583,Gopherus polyphemus,Gopher tortoise,6
584,Gorilla gorilla,Gorilla,3
585,Grallaria milleri,Brown-banded antpitta,1
586,Graptemys flavimaculata,Yellow-blotched map turtle,6
587,Graptemys oculifera,Ringed map turtle,6
588,Grus americana,Whooping crane,1
589,Grus canadensis nesiotes,Cuba sandhill crane,1
590,Grus canadensis pulla,Mississippi sandhill crane,1
591,Grus japonensis,Japanese Crane,1
592,Grus leucogeranus,Siberian white Crane,1
593,Grus monacha,Hooded Crane,1
594,Grus nigricollis,Black-necked Crane,1
595,Grus vipio,White-naped Crane,1
596,Gymnobelideus leadbeateri,Leadbeater's Possum,3
597,Gymnogyps californianus,California condor,1
598,Gymnomyza samoensis,Mao (= maomao) (honeyeater),1
599,Haematopus meadewaldoi,Canarian black oystercatcher,1
600,Haliaeetus albicilla groenlandicus,Greenland white-tailed eagle,1
601,Haliaeetus vociferoides,Madagascar sea eagle,1
602,Haliotis cracherodii,Black Abalone,2
603,Haliotis sorenseni,White Abalone,2
604,Hamiota australis,Southern sandshell,7
605,Harpia harpyja,Harpy eagle,1
606,Helminthoglypta walkeriana,Morro shoulderband (=Banded dune) snail,2
607,Hemiargus ceraunus antibubastus,Ceraunus Blue Butterfly,8
608,Hemignathus affinis,Maui nukupuu,1
609,Hemignathus hanapepe,Kauai nukupuu,1
610,Hemignathus wilsoni,akiapolaau,1
611,Hemiphaga novaeseelandiae chathamensis,Chatham Island pigeon,1
612,Hemistena lata,Cracking pearlymussel,7
613,Hemitragus jayakari,Arabian tahr,3
614,Hemitriccus kaempferi,Kaempfer's tody-tyrant,1
615,Heraclides aristodemus ponceanus,Schaus swallowtail butterfly,8
616,Herpailurus (=Felis) yagouaroundi cacomitli,Gulf Coast jaguarundi,3
617,Herpailurus (=Felis) yagouaroundi fossata,Guatemalan jaguarundi,3
618,Herpailurus (=Felis) yagouaroundi panamensis,Panamanian jaguarundi,3
619,Herpailurus (=Felis) yagouaroundi tolteca,Sinaloan Jaguarundi,3
620,Hesperia dacotae,Dakota Skipper,8
621,Hesperia leonardus montana,Pawnee montane skipper,8
622,Heterelmis comalensis,Comal Springs riffle beetle,8
623,Himantopus mexicanus knudseni,Hawaiian stilt,1
624,Himantopus novaezelandiae,Black Stilt,1
625,Hippocamelus antisensis,North Andean huemul,3
626,Hippocamelus bisulcus,South Andean huemul,3
627,Hipposideros ridleyi,Singapore roundleaf horseshoe bat,3
628,Hippotragus niger variani,Giant sable antelope,3
629,Huso dauricus,Kaluga sturgeon,0
630,Huso huso,Beluga sturgeon,0
631,Hyaena hyaena barbara,Barbary hyena,3
632,Hybognathus amarus,Rio Grande Silvery Minnow,0
633,Hylaeus anthracinus,Anthricinan yellow-faced bee,8
634,Hylaeus assimulans,Assimulans yellow-faced bee,8
635,Hylaeus facilis,Easy yellow-faced bee,8
636,Hylaeus hilaris,Hilaris yellow-faced bee,8
637,Hylaeus kuakea,Hawaiian yellow-faced bee,8
638,Hylaeus longiceps,Hawaiian yellow-faced bee,8
639,Hylaeus mana,Hawaiian yellow-faced bee,8
640,Hylobates spp. (including Nomascus),Gibbons,3
641,Hymenophysa curta,Ayumodoki (loach),0
642,Hypolimnas octocula marianensis,Mariana eight-spot butterfly,8
643,Hypomesus transpacificus,Delta smelt,0
644,Hypsipetes borbonicus olivaceus,Mauritius olivaceous Bulbul,1
645,Icaricia (Plebejus) shasta charlestonensis,Mount Charleston blue butterfly,8
646,Icaricia icarioides fenderi,Fender's blue butterfly,8
647,Icaricia icarioides missionensis,Mission blue butterfly,8
648,Ictalurus pricei,Yaqui catfish,0
649,Indri indri,Indri lemur,3
650,Ischnura luta,Rota blue damselfly,8
651,Isopora crateriformis,No common name,4
652,Juturnia kosteri,Koster's springsnail,2
653,Kachuga tecta tecta,Indian sawback turtle,6
654,Kinosternon sonoriense longifemorale,Sonoyta mud turtle,6
655,Kobus leche,Red lechwe,3
656,Lagorchestes hirsutus,Western hare wallaby,3
657,Lagostrophus fasciatus,Banded hare wallaby,3
658,Lagothrix flavicauda,Yellow-tailed woolly monkey,3
659,Lampsilis abrupta,Pink mucket (pearlymussel),7
660,Lampsilis altilis,Finelined pocketbook,7
661,Lampsilis higginsii,Higgins eye (pearlymussel),7
662,Lampsilis perovalis,Orangenacre mucket,7
663,Lampsilis powellii,Arkansas fatmucket,7
664,Lampsilis rafinesqueana,Neosho Mucket,7
665,Lampsilis streckeri,Speckled pocketbook,7
666,Lampsilis subangulata,Shinyrayed pocketbook,7
667,Lampsilis virescens,Alabama lampmussel,7
668,Lanius ludovicianus mearnsi,San Clemente loggerhead shrike,1
669,Lanx sp.,Banbury Springs limpet,2
670,Larus audouinii,Audouin's gull,1
671,Larus relictus,Relict gull,1
672,Lasiorhinus krefftii (formerly L. barnardi and L. gillespiei),Queensland hairy-nosed wombat (incl. Barnard's),3
673,Lasiurus cinereus semotus,Hawaiian hoary bat,3
674,Lasmigona decorata,Carolina heelsplitter,7
675,Laterallus tuerosi,Junin rail,1
676,Latimeria chalumnae,African coelacanth,0
677,Leiolopisma telfairi,Round Island skink,6
678,Leiopelma hamiltoni,Stephen Island frog,9
679,Lemiox rimosus,Birdwing pearlymussel,7
680,"Lemuridae (incl. genera Lemur, Phaner, Hapalemur, Lepilemur, Microcebus, Allocebus, Cheirogaleus, Varecia)",Lemurs,3
681,Leontopithecus spp.,Golden-rumped tamarin,3
682,Leopardus (=Felis) pardalis,Ocelot,3
683,Leopardus (=Felis) tigrinus,Tiger cat,3
684,Leopardus (=Felis) wiedii,Margay,3
685,Lepidochelys kempii,Kemp's ridley sea turtle,6
686,Lepidochelys olivacea,Olive ridley sea turtle,6
687,Lepidomeda albivallis,White River spinedace,0
688,Lepidomeda mollispinis pratensis,Big Spring spinedace,0
689,Lepidomeda vittata,Little Colorado spinedace,0
690,Lepidurus packardi,Vernal pool tadpole shrimp,10
691,Leporillus conditor,Stick-nest rat,3
692,Leptailurus (=Felis) serval constantina,Barbary serval,3
693,Leptasthenura xenothorax,White-browed tit-spinetail,1
694,Leptodea leptodon,Scaleshell mussel,7
695,Leptonycteris nivalis,Mexican long-nosed bat,3
696,Leptoptilos dubius,Greater adjutant,1
697,Leptotes cassius theonus,Cassius Blue Butterfly,8
698,Leptotila rufaxilla wellsi,Grenada gray-fronted dove,1
699,Leptoxis ampla,Round rocksnail,2
700,Leptoxis foremani,Interrupted (=Georgia) Rocksnail,2
701,Leptoxis plicata,Plicate rocksnail,2
702,Leptoxis taeniata,Painted rocksnail,2
703,Lepyrium showalteri,Flat pebblesnail,2
704,Leucopeza semperi,Semper's warbler (=wood),1
705,Leucopsar rothschildi,Rothschild's starling (myna),1
706,Lichenostomus melanops cassidix (=Meliphaga c.),Helmeted honeyeater,1
707,Liophus ornatus,Maria Island snake,6
708,Lioplax cyclostomaformis,Cylindrical lioplax (snail),2
709,Lipotes vexillifer,Chinese River Dolphin,3
710,Lirceus usdagalun,Lee County cave isopod,10
711,Lontra (=Lutra) felina,Marine otter,3
712,Lontra (=Lutra) longicaudis (incl. platensis),Long-tailed otter,3
713,Lontra (=Lutra) provocax,Southern river otter,3
714,Lophophorus lhuysii,Chinese monal pheasant,1
715,Lophophorus sclateri,Sclater's monal pheasant,1
716,Lophura edwardsi,Edward's pheasant,1
717,Lophura imperialis,Imperial pheasant,1
718,Lophura swinhoii,Swinhoe's pheasant,1
719,Loxioides bailleui,Palila (honeycreeper),1
720,Loxodonta africana,African elephant,3
721,Loxops caeruleirostris,Akekee,1
722,Loxops coccineus,Hawaii akepa,1
723,Loxops ochraceus,Maui akepa,1
724,Lycaeides argyrognomon lotis,Lotis blue butterfly,8
725,Lycaeides melissa samuelis,Karner blue butterfly,8
726,Lycaon pictus,African wild dog,3
727,Lynx (=Felis) rufus escuinapae,Mexican bobcat,3
728,Lynx canadensis,Canada Lynx,3
729,Macaca arctoides,Stump-tailed macaque,3
730,Macaca cyclopis,Formosan rock macaque,3
731,Macaca fuscata,Japanese macaque,3
732,Macaca silenus,Lion-tailed macaque,3
733,Macaca sinica,Toque macaque,3
734,Macrocephalon maleo,Maleo megapode,1
735,Macropus giganteus tasmaniensis,Tasmanian forester kangaroo,3
736,Macropus parma,Parma wallaby,3
737,Macrotis lagotis,Rabbit bandicoot,3
738,Macrotis leucura,Lesser rabbit bandicoot,3
739,Malaconotus alius,Ulugura bush-shrike,1
740,Malimbus ibadanensis,Ibadan malimbe,1
741,Mandrillus (=Papio) leucophaeus,Drill,3
742,Mandrillus (=Papio) sphinx,Mandrill,3
743,Manduca blackburni,Blackburn's sphinx moth,8
744,Manis temminckii,Temnick''s ground Pangolin,3
745,Margaritifera hembeli,Louisiana pearlshell,7
746,Margaritifera marrianae,Alabama pearlshell,7
747,Marmota vancouverensis,Vancouver Island marmot,3
748,Martes flavigula chrysospila,Formosan yellow-throated marten,3
749,Masticophis lateralis euryxanthus,Alameda whipsnake (=striped racer),6
750,Meda fulgida,Spikedace,0
751,Medionidus acutissimus,Alabama moccasinshell,7
752,Medionidus parvulus,Coosa moccasinshell,7
753,Medionidus penicillatus,Gulf moccasinshell,7
754,Medionidus simpsonianus,Ochlockonee moccasinshell,7
755,Medionidus walkeri,Suwannee moccasinshell,7
756,Megadyptes antipodes,yellow-eyed penguin,1
757,Megalagrion leptodemas,Crimson Hawaiian damselfly,8
758,Megalagrion nesiotes,Flying earwig Hawaiian damselfly,8
759,Megalagrion nigrohamatum nigrolineatum,Blackline Hawaiian damselfly,8
760,Megalagrion oceanicum,Oceanic Hawaiian damselfly,8
761,Megalagrion pacificum,Pacific Hawaiian damselfly,8
762,Megalagrion xanthomelas,Orangeblack Hawaiian damselfly,8
763,Megalonaias nicklineana,Nicklin's pearlymussel,7
764,Megapodius laperouse,Micronesian megapode,1
765,Megaptera novaeangliae,Humpback whale,3
766,Melamprosops phaeosoma,Po`ouli (honeycreeper),1
767,Melanochelys tricarinata,Three-keeled Asian turtle,6
768,Melanosuchus niger,Black caiman,6
769,Menidia extensa,Waccamaw silverside,0
770,Mergus octosetaceus,Brazillian merganser,1
771,Mesodon clarki nantahala,noonday snail,2
772,Microhexura montivaga,Spruce-fir moss spider,5
773,Microtus californicus scirpensis,Amargosa vole,3
774,Microtus pennsylvanicus dukecampbelli,Florida salt marsh vole,3
775,Mimizuku (=Otus) gurneyi,Giant scops owl,1
776,Mimus graysoni,Socorro mockingbird,1
777,Mitu mitu mitu,Razor-billed curassow,1
778,Moapa coriacea,Moapa dace,0
779,Moho braccatus,Kauai `o`o (honeyeater),1
780,Monachus monachus,Mediterranean monk seal,3
781,Monachus schauinslandi,Hawaiian monk seal,3
782,Montipora australiensis,No common name,4
783,Morenia ocellata,Burmese peacock turtle,6
784,Moschus spp. (all species),Musk deer,3
785,Muntiacus feae,Fea's muntjac,3
786,Mustela nigripes,Black-footed ferret,3
787,Myadestes lanaiensis rutha,Molokai thrush,1
788,Myadestes myadestinus,Large Kauai (=kamao) Thrush,1
789,Myadestes palmeri,Small Kauai (=puaiohi) Thrush,1
790,Mycetophyllia ferox,Rough Cactus Coral,4
791,Mycteria americana,Wood stork,1
792,Myotis grisescens,Gray bat,3
793,Myotis septentrionalis,Northern Long-Eared Bat,3
794,Myotis sodalis,Indiana bat,3
795,Myrmecobius fasciatus,Numbat,3
796,Naemorhedus (=Capricornis) sumatraensis,Serow,3
797,Naemorhedus goral,Goral,3
798,Nasalis concolor,Pagi Island langur,3
799,Nasalis larvatus,Proboscis monkey,3
800,Nectarinia prigoginei,Marungu sunbird,1
801,Nectophrynoides spp.,African viviparous toads,9
802,Necturus alabamensis,Black warrior (=Sipsey Fork) Waterdog,9
803,Nemosia rourei,Cherry-throated tanager,1
804,Neofelis nebulosa,Clouded leopard,3
805,Neoleptoneta microps,Government Canyon Bat Cave Spider,5
806,Neoleptoneta myopica,Tooth Cave Spider,5
807,Neomorphus geoffroyi dulcis,Southeastern rufous-vented ground cuckoo,1
808,Neonympha mitchellii francisci,Saint Francis' satyr butterfly,8
809,Neonympha mitchellii mitchellii,Mitchell's satyr Butterfly,8
810,Neophema chrysogaster,Orange-bellied parakeet,1
811,Neoseps reynoldsi,Sand skink,6
812,Neotoma floridana smalli,Key Largo woodrat,3
813,Neotoma fuscipes riparia,Riparian woodrat (=San Joaquin Valley),3
814,Neotragus moschatus moschatus,Zanzibar suni,3
815,Nerodia clarkii taeniata,Atlantic salt marsh snake,6
816,Nerodia erythrogaster neglecta,Copperbelly water snake,6
817,Nesillas aldabranus,Aldabra Warbler (old world warbler),1
818,Newcombia cumingi,Newcomb's Tree snail,2
819,Nicrophorus americanus,American burying beetle,8
820,Nipponia nippon,Japanese crested ibis,1
821,Notomys aquilo,Australian native mouse,3
822,Notropis albizonatus,Palezone shiner,0
823,Notropis buccula,Smalleye Shiner,0
824,Notropis cahabae,Cahaba shiner,0
825,Notropis girardi,Arkansas River shiner,0
826,Notropis mekistocholas,Cape Fear shiner,0
827,Notropis oxyrhynchus,Sharpnose Shiner,0
828,Notropis simus pecosensis,Pecos bluntnose shiner,0
829,Notropis topeka (=tristis),Topeka shiner,0
830,Noturus baileyi,Smoky madtom,0
831,Noturus crypticus,Chucky Madtom,0
832,Noturus flavipinnis,Yellowfin madtom,0
833,Noturus placidus,Neosho madtom,0
834,Noturus stanauli,Pygmy madtom,0
835,Noturus trautmani,Scioto madtom,0
836,Numenius borealis,Eskimo curlew,1
837,Numenius tenuirostris,Slender-billed curlew,1
838,Nycticebus pygmaeus,Lesser slow loris,3
839,Oarisma poweshiek,Poweshiek skipperling,8
840,Obovaria retusa,Ring pink (mussel),7
841,Oceanodroma castro,Band-rumped storm-petrel,1
842,Odocoileus hemionus cerrosensis,Cedros Island mule Deer,3
843,Odocoileus virginianus clavium,Key deer,3
844,Odocoileus virginianus leucurus,Columbian white-tailed deer,3
845,Odontophorus strophium,Gorgeted wood-quail,1
846,Oncorhynchus (=Salmo) kisutch,Coho salmon,0
847,Oncorhynchus (=Salmo) mykiss,Steelhead,0
848,Oncorhynchus (=Salmo) nerka,Sockeye salmon,0
849,Oncorhynchus (=Salmo) tshawytscha,Chinook salmon,0
850,Oncorhynchus aguabonita whitei,Little Kern golden trout,0
851,Oncorhynchus apache,Apache trout,0
852,Oncorhynchus clarkii henshawi,Lahontan cutthroat trout,0
853,Oncorhynchus clarkii seleniris,Paiute cutthroat trout,0
854,Oncorhynchus clarkii stomias,Greenback Cutthroat trout,0
855,Oncorhynchus gilae,Gila trout,0
856,Oncorhynchus keta,Chum salmon,0
857,Onychogalea fraenata,Brindled nail-tailed wallaby,3
858,Onychogalea lunata,Crescent nail-tailed wallaby,3
859,Orbicella annularis,Lobed Star Coral,4
860,Orbicella faveolata,Mountainous Star Coral,4
861,Orbicella franksi,Boulder star coral,4
862,Orcinus orca,Killer whale,3
863,Orconectes shoupi,Nashville crayfish,10
864,Oreomystis bairdi,Akikiki,1
865,Oreomystis mana,Hawaii creeper,1
866,Oreophasis derbianus,Horned guan,1
867,Orthalicus reses (not incl. nesodryas),Stock Island tree snail,2
868,Oryx dammah,Scimitar-horned oryx,3
869,Oryx leucoryx,Arabian oryx,3
870,Oryzomys palustris natator,Rice rat,3
871,Osteolaemus tetraspis osborni,Congo dwarf crocodile,6
872,Osteolaemus tetraspis tetraspis,African dwarf crocodile,6
873,Ostodes strigatus,Snail [no common name],2
874,Otus ireneae,Morden's owlet,1
875,Otus magicus (=insularis) insularis,Seychelles scops owl,1
876,Otus rutilus capnodes,Anjouan scops owl,1
877,Ovis ammon,Argali,3
878,Ovis canadensis nelsoni,Peninsular bighorn sheep,3
879,Ovis canadensis sierrae,Sierra Nevada bighorn sheep,3
880,Ovis musimon ophion,Urial,3
881,Ovis vignei vignei,Shapo,3
882,Oxyloma haydeni kanabensis,Kanab ambersnail,2
883,Ozotoceros bezoarticus,Pampas deer,3
884,Pacifastacus fortis,Shasta crayfish,10
885,Palaemonetes cummingi,Squirrel Chimney Cave shrimp,10
886,Palaemonias alabamae,Alabama cave shrimp,10
887,Palaemonias ganteri,Kentucky cave shrimp,10
888,Palmeria dolei,crested honeycreeper (Akohekohe),1
889,Pan paniscus,Pygmy chimpanzee,3
890,Pan troglodytes,Chimpanzee,3
891,Pangasianodon gigas,Thailand giant catfish,0
892,Pangasius sanitwongsei,Catfish,0
893,Panthalops hodgsonii,Tibetan antelope,3
894,Panthera leo ssp. leo,Lion,3
895,Panthera leo ssp. melanochaita,Lion,3
896,Panthera onca,Jaguar,3
897,Panthera pardus,Leopard,3
898,Panthera tigris,Tiger,3
899,Papasula (=Sula) abbotti,Abbott's booby,1
900,Papilio chikae,Luzon peacock swallowtail butterfly,8
901,Papilio homerus,Homerus swallowtail butterfly,8
902,Papilio hospiton,Corsican swallowtail butterfly,8
903,Papustyla pulcherrima,Manus Island tree snail,2
904,Parahyaena (=Hyaena) brunnea,Brown Hyena,3
905,Pardofelis (=Felis) marmorata,Marbled cat,3
906,Paroreomyza flammea,Molokai creeper,1
907,Paroreomyza maculata,Oahu creeper,1
908,Partula gibba,Humped tree snail,2
909,Partula langfordi,Langford's tree snail,2
910,Partula radiolata,Guam tree snail,2
911,Partulina semicarinata,Lanai tree snail,2
912,Partulina variabilis,Lanai tree snail,2
913,Pavona diffluens,No common name,4
914,Pedionomus torquatus,Plains wanderer (=collared-hemipode),1
915,Pegias fabula,Littlewing pearlymussel,7
916,Peltophryne lemur,Puerto Rican crested toad,9
917,Penelope albipennis,White-winged guan,1
918,Penelope perspicax,Cauca guan,1
919,Pentalagus furnessi,Ryukyu rabbit,3
920,Perameles bougainville,Barred bandicoot,3
921,Perameles eremiana,Desert bandicoot,3
922,Percina antesella,Amber darter,0
923,Percina aurolineata,Goldline darter,0
924,Percina aurora,Pearl darter,0
925,Percina jenkinsi,Conasauga logperch,0
926,Percina pantherina,Leopard darter,0
927,Percina rex,Roanoke logperch,0
928,Percina tanasi,Snail darter,0
929,Perognathus longimembris pacificus,Pacific pocket mouse,3
930,Peromyscus gossypinus allapaticola,Key Largo cotton mouse,3
931,Peromyscus polionotus allophrys,Choctawhatchee beach mouse,3
932,Peromyscus polionotus ammobates,Alabama beach mouse,3
933,Peromyscus polionotus niveiventris,Southeastern beach mouse,3
934,Peromyscus polionotus peninsularis,St. Andrew beach mouse,3
935,Peromyscus polionotus phasma,Anastasia Island beach mouse,3
936,Peromyscus polionotus trissyllepsis,Perdido Key beach mouse,3
937,Petrogale xanthopus,Yellow-footed rock wallaby,3
938,Petroica multicolor multicolor,Scarlet-breasted robin (flycatcher),1
939,Petroica traversi,Chatham Island robin,1
940,Pezoporus wallicus,Ground parrot,1
941,Phaenicophaeus pyrrhocephalus,Red-faced malkoha (cuckoo),1
942,Phaeognathus hubrichti,Red Hills salamander,9
943,Phaethornis malaris margarettae,Margaretta's hermit,1
944,Pharomachrus mocinno ssp. mocinno,Resplendent quetzel,1
945,Phascolarctos cinereus,Koala,3
946,Phelsuma edwardnewtoni,Day gecko,6
947,Phelsuma guentheri,Round Island day gecko,6
948,Phoca (=Pusa) hispida botnica,Ringed Seal,3
949,Phoca (=Pusa) hispida hispida,Ringed Seal,3
950,Phoca (=Pusa) hispida ladogensis,Ringed seal,3
951,Phoca (=Pusa) hispida ochotensis,Ringed Seal,3
952,Phoca hispida saimensis,Saimaa seal,3
953,Phoca largha,Spotted Seal,3
954,Phocoena sinus,Cochito,3
955,Phoebastria (=Diomedea) albatrus,Short-tailed albatross,1
956,Phoenicoparrus andinus,Andean flamingo,1
957,Phoxinus cumberlandensis,Blackside dace,0
958,Phrynops hogei,Brazilian sideneck turtle,6
959,Physa natricina,Snake River physa snail,2
960,Physeter catodon (=macrocephalus),Sperm whale,3
961,Phytotoma raimondii,Peruvian plantcutter,1
962,Picathartes gymnocephalus,White-necked rockfowl,1
963,Picathartes oreas,Grey-necked rockfowl,1
964,Picoides borealis,Red-cockaded woodpecker,1
965,Pionopsitta pileata,Red-capped parrot,1
966,Pipile jacutinga,Black-fronted piping-guan,1
967,Pipile pipile pipile,Trinidad white-headed curassow,1
968,Pipilo crissalis eremophilus,Inyo California towhee,1
969,Pithecophaga jefferyi,Philippine eagle,1
970,Pitta gurneyi,Gurney's pitta,1
971,Pitta kochi,Koch's pitta,1
972,Pituophis melanoleucus lodingi,Black pine snake,6
973,Pituophis ruthveni,Louisiana pine snake,6
974,Plagopterus argentissimus,Woundfin,0
975,Planigale ingrami subtilissima,Little planigale,3
976,Planigale tenuirostris,Southern planigale,3
977,Platanista gangetica minor,South Asian River dolphin,3
978,Platysteira laticincta,Banded wattle-eye,1
979,Plethobasus cicatricosus,White wartyback (pearlymussel),7
980,Plethobasus cooperianus,Orangefoot pimpleback (pearlymussel),7
981,Plethobasus cyphyus,Sheepnose Mussel,7
982,Plethodon neomexicanus,Jemez Mountains salamander,9
983,Plethodon nettingi,Cheat Mountain salamander,9
984,Plethodon shenandoah,Shenandoah salamander,9
985,Pleurobema clava,Clubshell,7
986,Pleurobema collina,James spinymussel,7
987,Pleurobema curtum,Black clubshell,7
988,Pleurobema decisum,Southern clubshell,7
989,Pleurobema furvum,Dark pigtoe,7
990,Pleurobema georgianum,Southern pigtoe,7
991,Pleurobema gibberum,Cumberland pigtoe,7
992,Pleurobema hanleyianum,Georgia pigtoe,7
993,Pleurobema marshalli,Flat pigtoe,7
994,Pleurobema perovatum,Ovate clubshell,7
995,Pleurobema plenum,Rough pigtoe,7
996,Pleurobema pyriforme,Oval pigtoe,7
997,Pleurobema strodeanum,Fuzzy pigtoe,7
998,Pleurobema taitianum,Heavy pigtoe,7
999,Pleurocera foremani,Rough hornsnail,2
1000,Pleuronaia dolabelloides,Slabside Pearlymussel,7
1001,Ploceus golandi,Clarke's weaver,1
1002,Podarcis pityusensis,Ibiza wall lizard,6
1003,Podiceps taczanowskii,Junin grebe,1
1004,Podilymbus gigas,Atitlan grebe,1
1005,Podocnemis expansa,Tartaruga,6
1006,Podocnemis unifilis,Tracaja,6
1007,Poeciliopsis occidentalis,Gila topminnow (incl. Yaqui),0
1008,Polioptila californica californica,Coastal California gnatcatcher,1
1009,Polyborus plancus audubonii,Audubon's crested caracara,1
1010,Polygyriscus virginianus,Virginia fringed mountain snail,2
1011,Polyphylla barbata,Mount Hermon June beetle,8
1012,Polyplectron emphanum,Palawan peacock pheasant,1
1013,Polysticta stelleri,Steller's Eider,1
1014,Pomarea nigra,Tahiti flycatcher,1
1015,Pongo pygmaeus,Orangutan,3
1016,Popenaias popeii,Texas Hornshell,7
1017,Porites napopora,No common name,4
1018,Potamilus capax,Fat pocketbook,7
1019,Potamilus inflatus,Alabama (=inflated) heelsplitter,7
1020,Presbytis potenziani,Long-tailed langur,3
1021,Presbytis senex,Purple-faced langur,3
1022,Prietella phreatophila,Mexican blindcat (catfish),0
1023,Priodontes maximus,Giant armadillo,3
1024,Prionailurus (=Felis) bengalensis bengalensis,Leopard cat,3
1025,Prionailurus (=Felis) bengalensis iriomotensis,Iriomote cat,3
1026,Prionailurus (=Felis) planiceps,Flat-headed cat,3
1027,Prionodon pardicolor,Spotted linsang,3
1028,Pristis clavata,Dwarf sawfish,0
1029,Pristis pectinata,Smalltooth sawfish,0
1030,Pristis pristis,Largetooth Sawfish,0
1031,Pristis zijsron,Green sawfish,0
1032,Probarbus jullieni,Ikan temoleh (minnow),0
1033,Procaris hawaiana,Anchialine pool Shrimp,10
1034,Procolobus (=Colobus) pennantii (=kirki) kirki,Zanzibar red colobus monkey,3
1035,Procolobus (=Colobus) preussi (=badius p.),Preuss' red colobus monkey,3
1036,Procolobus (=Colobus) rufomitratus (=badius r.),Tana River red colobus monkey,3
1037,Propithecus spp.,Sifakas,3
1038,Psammobates geometricus,Geometric turtle,6
1039,Psephotus chrysopterygius,Golden-shouldered parakeet,1
1040,Psephotus pulcherrimus,Paradise parakeet,1
1041,Pseudemydura umbrina,Short-necked or western swamp turtle,6
1042,Pseudemys alabamensis,Alabama red-bellied turtle,6
1043,Pseudemys rubriventris bangsi,Plymouth Redbelly Turtle,6
1044,Pseudibis gigantea,Giant ibis,1
1045,Pseudobulweria macgillivrayi,Fiji petrel,1
1046,Pseudocopaeodes eunus obscurus,Carson wandering skipper,8
1047,Pseudomys fieldi,Field's mouse,3
1048,Pseudomys fumeus,Smoky mouse,3
1049,Pseudomys gouldii,Gould's mouse,3
1050,Pseudomys novaehollandiae,New Holland mouse,3
1051,Pseudomys occidentalis,Western mouse,3
1052,Pseudomys praeconis,Shark Bay mouse,3
1053,Pseudomys shortridgei,Shortridge's mouse,3
1054,Pseudonestor xanthophrys,Maui parrotbill (Kiwikiu),1
1055,Pseudorca crassidens,false killer whale,3
1056,Pseudotryonia adamantina,Diamond Tryonia,2
1057,Psittacula echo,Mauritius parakeet,1
1058,Psittirostra psittacea,`O`u (honeycreeper),1
1059,Psophodes nigrogularis,Western whipbird,1
1060,Pterodroma aterrima,Mascarene black petrel,1
1061,Pterodroma axillaris,Chatham Island petrel,1
1062,Pterodroma cahow,Bermuda petrel,1
1063,Pterodroma madeira,Freira,1
1064,Pterodroma magentae,Magenta petrel,1
1065,Pterodroma phaeopygia,Galapagos petrel,1
1066,Pterodroma sandwichensis,Hawaiian petrel,1
1067,Pteronura brasiliensis,Giant otter,3
1068,Pteropus mariannus mariannus,Mariana fruit Bat (=Mariana flying fox),3
1069,Pteropus rodricensis,Rodrigues fruit bat (=flying fox),3
1070,Pteropus tokudae,Little Mariana fruit Bat,3
1071,Ptychobranchus greenii,Triangular Kidneyshell,7
1072,Ptychobranchus jonesi,Southern kidneyshell,7
1073,Ptychobranchus subtentum,Fluted kidneyshell,7
1074,Ptychocheilus lucius,Colorado pikeminnow (=squawfish),0
1075,Pudu pudu,Pudu,3
1076,Puffinus auricularis newelli,Newell's Townsend's shearwater,1
1077,Puffinus heinrothi,Heinroth's shearwater,1
1078,Puma (=Felis) concolor (all subsp. except coryi),Puma (=mountain lion),3
1079,Puma (=Felis) concolor coryi,Florida panther,3
1080,Puma (=Felis) concolor costaricensis,Costa Rican puma,3
1081,Pygathrix nemaeus,Douc langur,3
1082,Pyrgulopsis (=Marstonia) pachyta,Armored snail,2
1083,Pyrgulopsis bernardina,San Bernardino springsnail,2
1084,Pyrgulopsis bruneauensis,Bruneau Hot springsnail,2
1085,Pyrgulopsis chupaderae,Chupadera springsnail,2
1086,Pyrgulopsis neomexicana,Socorro springsnail,2
1087,Pyrgulopsis ogmorhaphe,Royal marstonia (snail),2
1088,Pyrgulopsis roswellensis,Roswell springsnail,2
1089,Pyrgulopsis texana,Phantom Springsnail,2
1090,Pyrgulopsis trivialis,Three Forks Springsnail,2
1091,Pyrgus ruralis lagunae,Laguna Mountains skipper,8
1092,Pyriglena atra,Fringe-backed fire-eye,1
1093,Pyrrhula pyrrhula murina,Sao Miguel bullfinch (finch),1
1094,Pyrrhura cruentata,Blue-throated (=ochre-marked) parakeet,1
1095,Python molurus molurus,Indian python,6
1096,Quadrula cylindrica cylindrica,Rabbitsfoot,7
1097,Quadrula cylindrica strigillata,Rough rabbitsfoot,7
1098,Quadrula fragosa,Winged Mapleleaf,7
1099,Quadrula intermedia,Cumberland monkeyface (pearlymussel),7
1100,Quadrula sparsa,Appalachian monkeyface (pearlymussel),7
1101,Quadrula stapes,Stirrupshell,7
1102,Quisicalus palustris,Slender-billed Grackle,1
1103,Rallus longirostris levipes,Light-footed clapper rail,1
1104,Rallus longirostris obsoletus,California clapper rail,1
1105,Rallus longirostris yumanensis,Yuma clapper rail,1
1106,Rallus owstoni,Guam rail,1
1107,Rallus pectoralis muelleri,Aukland Island rail,1
1108,Ramphocinclus brachyurus,White-breasted thrasher,1
1109,Ramphodon (=Glaucis) dohrnii,Hook-billed hermit (hummingbird),1
1110,Rana chiricahuensis,Chiricahua leopard frog,9
1111,Rana draytonii,California red-legged frog,9
1112,Rana muscosa,Mountain yellow-legged frog,9
1113,Rana pretiosa,Oregon spotted frog,9
1114,Rana sevosa,dusky gopher frog,9
1115,Rana sierrae,Sierra Nevada Yellow-legged Frog,9
1116,Rangifer tarandus caribou,Woodland Caribou,3
1117,Reithrodontomys raviventris,Salt marsh harvest mouse,3
1118,Rhadine exilis,[no common name] Beetle,8
1119,Rhadine infernalis,[no common name] Beetle,8
1120,Rhadine persephone,Tooth Cave ground beetle,8
1121,Rhaphiomidas terminatus abdominalis,Delhi Sands flower-loving fly,8
1122,Rhea (=Pterocnemia) pennata,Lesser rhea (incl. Darwin's),1
1123,Rhinichthys osculus lethoporus,Independence Valley speckled dace,0
1124,Rhinichthys osculus nevadensis,Ash Meadows speckled dace,0
1125,Rhinichthys osculus oligoporus,Clover Valley speckled dace,0
1126,Rhinichthys osculus ssp.,Foskett speckled dace,0
1127,Rhinichthys osculus thermalis,Kendall Warm Springs dace,0
1128,Rhinoceros sondaicus,Javan rhinoceros,3
1129,Rhinoceros unicornis,Great Indian rhinoceros,3
1130,Rhinopithecus avunculus,Tonkin snub-nosed monkey,3
1131,Rhinopithecus bieti,Yunnan snub-nosed monkey,3
1132,Rhinopithecus brelichi,Guizhou snub-nosed monkey,3
1133,Rhinopithecus roxellana,Sichuan snub-nosed monkey,3
1134,Rhinoptilus bitorquatus,Jerdon's courser,1
1135,Rhodonessa caryophyllacea,Pink-headed duck,1
1136,Rhynchopsitta pachyrhyncha,Thick-billed parrot,1
1137,Rhynochetos jubatus,Kagu,1
1138,Romerolagus diazi,Volcano rabbit,3
1139,Rostrhamus sociabilis plumbeus,Everglade snail kite,1
1140,Rukia longirostra,Ponape greater white-eye,1
1141,Rupicapra rupicapra ornata,Apennine chamois,3
1142,Saguinus bicolor,Pied tamarin,3
1143,Saguinus leucopus,White-footed tamarin,3
1144,Saguinus oedipus,Cotton-top tamarin,3
1145,Saiga tatarica mongolica,Mongolian saiga (antelope),3
1146,Saimiri oerstedii,Red-backed squirrel monkey,3
1147,Salmo platycephalus,Ala balik (trout),0
1148,Salmo salar,Atlantic salmon,0
1149,Salvelinus confluentus,Bull Trout,0
1150,Samoana fragilis,Fragile tree snail,2
1151,Sauromalus varius,San Esteban Island chuckwalla,6
1152,Scaphirhynchus albus,Pallid sturgeon,0
1153,Scaphirhynchus platorynchus,Shovelnose Sturgeon,0
1154,Scaphirhynchus suttkusi,Alabama sturgeon,0
1155,Scleropages formosus,Asian bonytongue,0
1156,Sebastes paucispinis,Bocaccio,0
1157,Sebastes pinniger,canary rockfish,0
1158,Sebastes ruberrimus,yelloweye rockfish,0
1159,Semnopithecus (=Presbytis) entellus,Gray (=entellus) langur,3
1160,Seriatopora aculeata,No common name,4
1161,Setonix brachyurus,Quokka,3
1162,Setophaga angelae,Elfin-woods warbler,1
1163,Setophaga kirtlandii (= Dendroica kirtlandii),Kirtland's Warbler,1
1164,Sistrurus catenatus,Eastern Massasauga (=rattlesnake),6
1165,Sitta ledanti,Algerian nuthatch,1
1166,Sminthopsis longicaudata,Long-tailed marsupial-mouse,3
1167,Sminthopsis psammophila,Large desert marsupial-mouse,3
1168,Solenodon cubanus,Cuban solenodon,3
1169,Solenodon paradoxus,Haitian solenodon,3
1170,Somateria fischeri,Spectacled eider,1
1171,Somatochlora hineana,Hine's emerald dragonfly,8
1172,Sorex ornatus relictus,Buena Vista Lake ornate Shrew,3
1173,Spelaeorchestia koloana,Kauai cave amphipod,10
1174,Speoplatyrhinus poulsoni,Alabama cavefish,0
1175,Speyeria callippe callippe,Callippe silverspot butterfly,8
1176,Speyeria zerene behrensii,Behren's silverspot butterfly,8
1177,Speyeria zerene hippolyta,Oregon silverspot butterfly,8
1178,Speyeria zerene myrtleae,Myrtle's silverspot butterfly,8
1179,Sphaerodactylus micropithecus,Monito gecko,6
1180,Spheniscus demersus,African penguin,1
1181,Spheniscus humboldti,Humboldt penguin,1
1182,Spheniscus mendiculus,Galapagos penguin,1
1183,Sphenodon guntheri,Brother's Island tuatara,6
1184,Sphenodon punctatus,Tuatara,6
1185,Sphyrna lewini,Scalloped Hammerhead Shark,0
1186,Squatina squatina,Angel shark,0
1187,Sterna antillarum,Least tern,1
1188,Sterna antillarum browni,California least tern,1
1189,Sterna dougallii dougallii,Roseate tern,1
1190,Sternotherus depressus,Flattened musk turtle,6
1191,Streptocephalus woottoni,Riverside fairy shrimp,10
1192,Streptopelia picturata rostrata,Seychelles turtle dove,1
1193,Strigops habroptilus,Kakapo,1
1194,Strix occidentalis caurina,Northern spotted owl,1
1195,Strix occidentalis lucida,Mexican spotted owl,1
1196,Struthio camelus spatzi,West African ostrich,1
1197,Struthio camelus syriacus,Arabian ostrich,1
1198,Strymon acis bartrami,Bartram's hairstreak Butterfly,8
1199,Stygobromus (=Stygonectes) pecki,Peck's cave amphipod,10
1200,Stygobromus hayi,Hay's Spring amphipod,10
1201,Stygoparnus comalensis,Comal Springs dryopid beetle,8
1202,Succinea chittenangoensis,Chittenango ovate amber snail,2
1203,Sus salvanius,Pygmy hog,3
1204,Sylvilagus bachmani riparius,Riparian brush rabbit,3
1205,Sylvilagus palustris hefneri,Lower Keys marsh rabbit,3
1206,Symphalangus syndactylus,Siamang,3
1207,Syncaris pacifica,California freshwater shrimp,10
1208,Syrmaticus ellioti,Elliot's pheasant,1
1209,Syrmaticus humaie,Bar-tailed pheasant,1
1210,Syrmaticus mikado,Mikado pheasant,1
1211,Tachybaptus rufolavatus,Alaotra Grebe,1
1212,Tamiasciurus hudsonicus grahamensis,Mount Graham red squirrel,3
1213,Tanakia tanago,Miyako tango (=Toyko bitterling),0
1214,Tapirus bairdii,Central American tapir,3
1215,Tapirus indicus,Asian tapir,3
1216,Tapirus pinchaque,Mountain tapir,3
1217,Tapirus terrestris,South American (=Brazilian) tapir,3
1218,Tarsius syrichta,Philippine tarsier,3
1219,Tartarocreagris texana,Tooth Cave pseudoscorpion,5
1220,Tauraco bannermani,Bannerman's turaco,1
1221,Taurotragus derbianus derbianus,Western giant eland,3
1222,Taylorconcha serpenticola,Bliss Rapids snail,2
1223,Telespyza cantans,Laysan finch (honeycreeper),1
1224,Telespyza ultima,Nihoa finch (honeycreeper),1
1225,Terpsiphone corvina,Seychelles paradise flycatcher,1
1226,Terrapene coahuila,Aquatic box turtle,6
1227,Tetrao urogallus cantabricus,Cantabrian capercaillie,1
1228,Texamaurops reddelli,Kretschmarr Cave mold beetle,8
1229,Texella cokendolpheri,Cokendolpher Cave Harvestman,5
1230,Texella reddelli,Bee Creek Cave harvestman,5
1231,Texella reyesi,Bone Cave harvestman,5
1232,Thaleichthys pacificus,Eulachon,0
1233,Thamnophis eques megalops,Northern Mexican gartersnake,6
1234,Thamnophis gigas,Giant garter snake,6
1235,Thamnophis rufipunctatus,Narrow-headed gartersnake,6
1236,Thamnophis sirtalis tetrataenia,San Francisco garter snake,6
1237,Thermosphaeroma thermophilus,Socorro isopod,10
1238,Theropithecus gelada,Gelada baboon,3
1239,Thinornis novaeseelandiae,New Zealand shore plover,1
1240,Thomomys mazama glacialis,Roy Prairie pocket gopher,3
1241,Thomomys mazama pugetensis,Olympia pocket gopher,3
1242,Thomomys mazama tumuli,Tenino pocket gopher,3
1243,Thomomys mazama yelmensis,Yelm pocket gopher,3
1244,Thylacinus cynocephalus,Tasmanian tiger,3
1245,Tiaroga cobitis,Loach minnow,0
1246,Tinamus solitarius,Solitary tinamou,1
1247,Todiramphus cinnamominus,Guam kingfisher,1
1248,Tomistoma schlegelii,Tomistoma,6
1249,Toxolasma cylindrellus,Pale lilliput (pearlymussel),7
1250,Trachemys scripta callirostris,South American red-lined turtle,6
1251,Trachemys stejnegeri malonei,Inagua Island turtle,6
1252,Trachemys terrapen,Cat Island turtle,6
1253,Trachypithecus (=Presbytis) francoisi,Francois' langur,3
1254,Trachypithecus (=Presbytis) geei,Golden langur,3
1255,Trachypithecus (=Presbytis) pileatus,Capped Langur,3
1256,Tragopan blythii,Blyth's tragopan pheasant,1
1257,Tragopan caboti,Cabot's tragopan pheasant,1
1258,Tragopan melanocephalus,Western tragopan pheasant,1
1259,Trichechus inunguis,Amazonian manatee,3
1260,Trichechus manatus,West Indian Manatee,3
1261,Trichechus senegalensis,West African manatee,3
1262,Trichocichla rufa,Long-legged warbler,1
1263,Trimerotropis infantilis,Zayante band-winged grasshopper,8
1264,Tringa guttifer,Nordmann's greenshank,1
1265,Triodopsis platysayoides,Flat-spired three-toothed Snail,2
1266,Trionyx ater,Cuatro Cienegas softshell turtle,6
1267,Trionyx gangeticus,Indian softshell turtle,6
1268,Trionyx hurum,Peacock softshell turtle,6
1269,Trionyx nigricans,Black softshell turtle,6
1270,Troglodytes aedon guadeloupensis,Guadeloupe house wren,1
1271,Troglodytes aedon mesoleucus,St. Lucia house wren,1
1272,Troides alexandrae,Queen Alexandra's birdwing butterfly,8
1273,Tryonia alamosae,Alamosa springsnail,2
1274,Tryonia cheatumi,Phantom Tryonia,2
1275,Tryonia circumstriata (=stocktonensis),Gonzales tryonia,2
1276,Tubastraea floreana,No common name,4
1277,Tulotoma magnifica,Tulotoma snail,2
1278,Turdus olivaceus helleri,Taita thrush,1
1279,Turnagra capensis,New Zealand thrush (wattlebird),1
1280,Tympanuchus cupido attwateri,Attwater's greater prairie-chicken,1
1281,Typhlomolge rathbuni,Texas blind salamander,9
1282,Tyto soumagnei,Madagascar red owl,1
1283,Uma inornata,Coachella Valley fringe-toed lizard,6
1284,Uncia (=Panthera) uncia,Snow leopard,3
1285,Uratelornis chimaera,Long-tailed ground roller,1
1286,Urocitellus brunneus,Northern Idaho Ground Squirrel,3
1287,Urocyon littoralis catalinae,Santa Catalina Island Fox,3
1288,Ursus arctos,Mexican grizzly bear,3
1289,Ursus arctos arctos,Brown bear,3
1290,Ursus arctos horribilis,Grizzly bear,3
1291,Ursus arctos pruinosus,Brown bear,3
1292,Ursus maritimus,Polar bear,3
1293,Ursus thibetanus gedrosianus,Baluchistan bear,3
1294,Vagrans egistina,Mariana wandering butterfly,8
1295,Varanus bengalensis,Indian (=Bengal) monitor,6
1296,Varanus flavescens,Yellow monitor,6
1297,Varanus griseus,Desert monitor,6
1298,Varanus komodoensis,Komodo Island monitor,6
1299,Vermivora bachmanii,Bachman's warbler (=wood),1
1300,Vetericaris chaceorum,Anchialine pool shrimp,10
1301,Vicugna vicugna,Vicuna,3
1302,Villosa choctawensis,Choctaw bean,7
1303,Villosa fabalis,Rayed Bean,7
1304,Villosa perpurpurea,Purple bean,7
1305,Villosa trabalis,Cumberland bean (pearlymussel),7
1306,Vipera latifii,Lar Valley viper,6
1307,Vireo bellii pusillus,Least Bell's vireo,1
1308,Viverra civettina (=megaspila c.),Malabar large-spotted civet,3
1309,Vulpes macrotis mutica,San Joaquin kit fox,3
1310,Vulpes velox hebes,Northern swift fox,3
1311,Vultur gryphus,Andean condor,1
1312,Wyulda squamicaudata,Scaly-tailed possum,3
1313,Xenicus longipes,New Zealand bushwren,1
1314,Xenopirostris damii,Van Dam's vanga,1
1315,Xenopirostris polleni,Pollen's vanga,1
1316,Xeromys myoides,False water rat,3
1317,Xipholena atropurpurea,White-winged cotinga,1
1318,Xyrauchen texanus,Razorback sucker,0
1319,Zapus hudsonius luteus,New Mexico meadow jumping mouse,3
1320,Zapus hudsonius preblei,Preble's meadow jumping mouse,3
1321,Zosterops albogularis,Norfolk Island white-eye,1
1322,Zosterops conspicillatus conspicillatus,Bridled white-eye,1
1323,Zosterops modesta,Seychelles white-eye,1
1324,Zosterops rotensis,Rota bridled White-eye,1
1325,Zyzomys pedunculatus,Australian native mouse,3
